,8X in next 8 results,18X in next 18 results,28X in next 28 results,38X in next 38 results,48X in next 48 results,58X in next 58 results,68X in next 68 results,78X in next 78 results,88X in next 88 results,98X in next 98 results,108X in next 108 results,118X in next 118 results,128X in next 128 results,138X in next 138 results
"['""1""']",0.19767441860465115,0.23076923076923078,0.0,0.0,0.0,0.0,0.0,0.0,0.0,0.0,0.0,0.0,0.0,0.0
"['""2""']",0.22758620689655173,0.09615384615384616,0.05,0.0625,0.0,0.0,0.0,0.0,0.0,0.0,0.0,0.0,0.0,0.0
"['""5""']",0.36153846153846153,0.32142857142857145,0.14285714285714285,0.0,0.0,0.0,0.0,0.0,0.0,0.0,0.0,0.0,0.0,0.0
"['""10""']",0.5382619974059663,0.27586206896551724,0.22857142857142856,0.11764705882352941,0.1111111111111111,0.0,0.0,0.0,0.0,0.0,0.0,0.0,0.0,0.0
"['""CoinFlip""']",0.47103274559193953,0.2903225806451613,0.2830188679245283,0.2826086956521739,0.28205128205128205,0.25,0.21428571428571427,0.23076923076923078,0.18181818181818182,0.2,0.0,0.0,0.0,0.0
"['""Pachinko""']",0.43902439024390244,0.37333333333333335,0.2898550724637681,0.27450980392156865,0.29411764705882354,0.2916666666666667,0.2857142857142857,0.21052631578947367,0.16666666666666666,0.16666666666666666,0.0,0.0,0.0,0.0
"['""CashHunt""']",0.539568345323741,0.539568345323741,0.35714285714285715,0.35714285714285715,0.3333333333333333,0.4,0.2777777777777778,0.3333333333333333,0.23076923076923078,0.0,0.0,0.0,0.0,0.0
"['""CrazyBonus""']",0.4948453608247423,0.4945652173913043,0.4722222222222222,0.3614457831325301,0.23404255319148937,0.21428571428571427,0.20833333333333334,0.15,0.14285714285714285,0.0,0.0,0.0,0.0,0.0
