,8X in next 1 results,18X in next 2 results,28X in next 3 results,38X in next 4 results,48X in next 6 results,58X in next 7 results,68X in next 8 results,78X in next 9 results,88X in next 11 results,98X in next 12 results,108X in next 13 results,118X in next 14 results,128X in next 16 results,138X in next 17 results
"['""1""', '""2""', '""5""', '""10""', '""CoinFlip""', '""Pachinko""', '""CashHunt""', '""CrazyBonus""']",0.3650597445405851,0.31115276476101217,0.22715404699738903,0.20224719101123595,0.1564245810055866,0.13725490196078433,0.12790697674418605,0.09859154929577464,0.05,0.02040816326530612,0.0,0.0,0.0,0.0
